UNIQUE-NAME,LINE-ID,PRODUCT-ID
P-14,4yunwAGJImG6ZST,H0100450
P-17,rnyssAYCQm6juuz,H0100450
P-33,LVuqnQghzFrqHq0,H0100028
P-48,iBeyz06vs7lLiIO,4009439
P-48,exFAOem94d7IybH,4006765
P-48,LPTB9E2EWCX8jGV,4006777
P-48,Sl36dlClWR8BlWh,4008142
P-48,2Mlw5smEx0srz2y,4008537
P-48,WcCfzMKkwclgQdp,4005619
P-49,YAEvCG2z8L350Q4,4009325
P-54,NNhVTDCQUIrkg9c,4006562
P-54,WDfrcGM3BE2Z5M6,4008775
P-54,3jHXaHD6Mtq8mjS,4006561
P-55,d8NCgaeJBmIijzd,4006562
P-56,i3HwmaXSFdI3P18,4006562
P-56,DIgo1uz72J3gJe4,4006561
P-56,NwdBCgokGzI0BKl,4007250
P-56,CZ7brMs8mYjEGXo,AD0016545
P-57,Ujb5704k22ClcNP,4006562
P-58,CJY0MndNfcBqgBo,4006562
P-58,1OIFsChbRC6Smo2,4006560
P-58,emqwDVKRVwOyQs1,4006561
P-58,zeDAqKkY7XygPEu,4006562
P-58,5omub37RyZgAhx4,4006563
P-58,vD0fa8LPBwtSBOU,4006564
P-58,DVmwbPu7P7oPtzE,4006565
P-59,Prx4uvbQ33qy07M,H0100027
P-59,xC0OgWdxcTQZAGB,H0100028
P-59,zOoN1jlhHL3Mr4K,4007235
P-59,fbPjTiZHJsviNop,4007236
P-59,mKgj25zo3VHe9gv,4007237
P-59,q6CKMbXBfGgCRgc,4007238
P-59,a5yhMiUw3wqpNAd,H0100034
P-59,LFYgWaVc18ZFn2f,4007239
P-59,CUiMm2uug5QsgP4,4007240
P-60,PDs8oThOoU32QMF,4009439
P-78,VQ95H3ziGBccVV7,4009440
P-80,PKT2haujet6gKdi,4009439
P-83,ATVx3r7RRAnNcHQ,4009440
P-83,BcyxQ75OpLppYRP,11-1DD
P-87,ATVx3r7RRAnNcHQ,4009440
P-87,BcyxQ75OpLppYRP,11-1DD
P-88,INwmeHFPSZFpim3,4009327
P-96,hhtzKchrNX12fYd,4006235
P-96,en3dERfzNoMNIpC,4005881
P-101,0Cqh0UW92XlYH8n,4005646
P-101,iZ9z32v6nvO4FIy,4005588
P-102,xCIdmECnAq9MPyS,4009348
P-102,8oUNOQbsWtVxW9K,4009349
P-103,DWgSnT9noiOpTi1,4009327
P-103,oaJeuqWao4iGQBm,4009328
P-104,VdM8E5fFg0SjptO,4009327
P-104,I7XleRyXiFlr6MB,4009328
P-104,jP1qcYvfxdz2BY1,4009329
P-105,eCiRoEmqAr5N0wc,4009407
P-105,huJSXZoqthVJtAC,AD025221588
P-105,gN2hNMdcUIzaAFz,4009411
P-106,axHkCXLV6OmevjP,4009326
P-106,Ika8EjkUHPD0h8U,4009329
P-107,hqbVeRNn6yl07KM,4009440
P-114,2ureaVJUE7TkUZW,4006432
P-114,rqA3xbL8x47rBPW,4006441
P-114,8LpFEfh4LxZ9Fvf,4007307
P-114,4TWA3Gl5imxZJ2L,4007309
P-115,6zAhkhCBmjPuWOI,4005619
P-115,h8CJ4qhZatr4ssu,4006280
P-115,Xe8dQiqis9aptqQ,4006043
P-120,XpSpCU7l716Won0,4009441
P-122,u95B67B3VpEMInk,4009325
P-124,M0884GtCXGF9im7,4006414
P-125,BfsVhyPNtzMHWIR,4006392
P-125,wUqkEEDlnqGrfkB,4006237
P-125,eAWkt5Z2PDBuTtF,4006124
P-126,52Ezrqd1fHm5YU2,4009440
P-131,MNVzjgYF7f3XffU,4007288
P-131,J3eAMQlrXJIDWcL,4007307
P-140,BSuZ9px4ZCYGY7U,4009440
P-141,LPlPDM9fZndOXcG,4009440
P-143,QD7P4yfVcRcpJzx,4009440
P-144,XtUw4q0VtP0e1ws,4009440
P-145,1mLjKFFx4FlW37R,4009326
P-145,C6lJDm0hPtFouwt,4009439
P-145,hqOnwrVhaUjlJ81,4009441
P-145,wYZ1UQOO5Jkkzw5,4009325
P-146,fhhOfiWgAdMDClx,4009439
P-147,fhhOfiWgAdMDClx,4009439
P-148,3zH41OHWQtVSpSO,11-1DD
P-150,SoX4jmfvrJaRIjG,4009326
P-150,iA7l3dHBk1MCEYg,4009327
P-150,agjJHLOivcvrG3k,4009328
P-150,cGs7qEVcpXV0SeH,4009329
P-150,h5ovdrLwFnS8s2W,4009440
P-150,yTWFgoTbOL92ZzK,4009441
P-150,jgu7in7FEnweGGo,4009325
P-151,wOlcJ5aOIJ5ZOb2,4006452
P-151,IW7UF4Inr9GvLNo,4006450
P-151,TLdfQet1Rt8ZraR,4006451
P-151,x3RgQY0UJRInDgc,4005955
P-152,SoX4jmfvrJaRIjG,4009326
P-152,iA7l3dHBk1MCEYg,4009327
P-152,agjJHLOivcvrG3k,4009328
P-152,cGs7qEVcpXV0SeH,4009329
P-152,h5ovdrLwFnS8s2W,4009440
P-152,yTWFgoTbOL92ZzK,4009441
P-152,jgu7in7FEnweGGo,4009325
P-153,SoX4jmfvrJaRIjG,4009326
P-153,iA7l3dHBk1MCEYg,4009327
P-153,agjJHLOivcvrG3k,4009328
P-153,cGs7qEVcpXV0SeH,4009329
P-153,h5ovdrLwFnS8s2W,4009440
P-153,yTWFgoTbOL92ZzK,4009441
P-153,jgu7in7FEnweGGo,4009325
P-154,SoX4jmfvrJaRIjG,4009326
P-154,iA7l3dHBk1MCEYg,4009327
P-154,agjJHLOivcvrG3k,4009328
P-154,cGs7qEVcpXV0SeH,4009329
P-154,Z90OXgcajcpPOPT,4009331
P-154,h5ovdrLwFnS8s2W,4009440
P-154,yTWFgoTbOL92ZzK,4009441
P-154,jgu7in7FEnweGGo,4009325
P-155,PmaRRHVjCr8kbd2,11-1AA
P-155,lAQ99RgFvUaf6mt,RTM
P-156,YC8IX7oZfwblxnx,MTO
P-156,4kwWZ3SnzvmbgwR,RTM
P-157,n1er1OYmd8C7mFL,RTM
P-158,CbrmXY0m6ctSO65,4009327
P-158,v0oEvwkyTPGyzAk,4009330
P-158,4tJDo9t7Rh06UyV,RTM
P-159,AFeOu17qEJuho48,11-1AA
P-159,Qrvzzchc3mIO2oH,RTM
P-160,DR2NQl3CQaxYyeW,11-1CC
P-160,FkDmRfaGKwKgNzt,11-1AA
P-160,VMMB5nUgjV0gsvg,11-1DD
P-160,WfzNEJsmjSE1VhI,11-1BB
P-162,Xz67iomDwwtcvCF,4009334
P-162,UvIJQFlYuiJK7Up,4009326
P-163,fvyBQKhBAFyG9UH,11-1EE
P-163,hMMsooMkFYtMMa5,11-1BB
P-163,TWOWUMdZ7UpRD3h,11-1CC
P-163,1orHNdK9Ko1j0nq,4009439
P-164,uO56UV4E8Hz5p0N,4009330
P-164,PgcsL5YAX2ZI89D,RTM
P-165,2tQ2UptAmXmiVWb,11-1CC
P-165,jj9Mkv7NM3bI5uU,11-1AA
P-166,ed5goUVyHlGWAfS,4009326
P-167,0208CvkIjY3A0iW,4007291
P-167,QDwjiDrxthOsLa3,4007278
P-171,v20sv9JF0ULIXSf,4009440
P-172,ufiTaUGiNiEFuRw,11-1AA
P-173,mTB0RtmGFUuJMy6,4009326
P-174,74ye0yk0fnIW60y,4006452
P-175,u0jIkq6dGe6USMN,4007368
P-175,CQM21K4rT9JDpvy,4007558
P-176,18r2BXyVshimJNj,4009327
P-176,yRy0FUhA5IsO7t9,4009330
P-176,8YtXWP0dlngmGs0,RTM
P-177,AMYKqwZqOGIxyLk,11-1CC
P-179,wojlj2Sdk6i1fWe,RTM
P-180,hrpA7pEW0Z8SoK2,4009440
P-180,AhAxShN1fRZq5iu,4009439
P-181,0NX2IU7CYOpQSaz,4007288
P-183,kJVZ4BqtHKgm5i8,4009440
P-185,qE6CIUcuAzfW1h3,4006452
P-185,iBf58kuzL3ipTT9,4006450
P-185,q27zkFK7Z3t9rf1,4006451
P-186,aYCgc2QH3qzARJd,4009327
P-186,5bhvzdnT3EQwfpH,4009338
P-187,WjDuvDrbMOWFxTW,RTM
P-187,Ba4NrjaZjHp6GfQ,11-1AA
P-188,OwSjSgjOhrLnkgU,4006450
P-188,tg3VhhhsLhl7JC2,4006451
P-188,JnBNRviXTc0z6EQ,4006452
P-189,ScKaFikkQQKCMiQ,4006452
P-189,IGDYt9A0qqOWJS0,4006450
P-189,mMrFD8wJtJudqjL,4006451
P-190,WpfFs1TCOeGwhdX,11-1AA
P-190,T5cBg6455yYvkIM,RTM
P-190,zM13pKHYBNNX0wN,XY
P-191,icEc00cQ5D18nwl,4009440
P-192,3Eef9VMTlpSrKHB,4009440
P-193,gaCyG5r2R59NYtV,4009440
P-195,Ob6Q2w7Srai2Il7,4009440
P-196,Ob6Q2w7Srai2Il7,4009440
P-197,Ob6Q2w7Srai2Il7,4009440
P-198,Ob6Q2w7Srai2Il7,4009440
P-199,Ob6Q2w7Srai2Il7,4009440
P-200,Ob6Q2w7Srai2Il7,4009440
P-201,Ob6Q2w7Srai2Il7,4009440
P-202,Ob6Q2w7Srai2Il7,4009440
P-203,Ob6Q2w7Srai2Il7,4009440
P-204,dPSpL47r6QvWwxF,4006452
P-204,f0jbUQKBhn6GEzQ,4006450
P-204,jolH2xabEUkTYSQ,4006451
P-167,0208CvkIjY3A0iW,4007291
P-167,QDwjiDrxthOsLa3,4007278
P-167,0208CvkIjY3A0iW,4007291
P-167,QDwjiDrxthOsLa3,4007278
P-208,e5Kcluk9Fhwwa4Y,4006452
P-208,pyoC0Cn7gNyb5Xu,4006450
P-208,HeFjvAbXURzJEzM,4006451
P-209,1vOFcER5H3OQ5lq,4009440
P-210,nh2cIIqlCorqrW4,4006452
P-210,MvCBXiSoHrEDsPP,4006450
P-210,gBTjlqf0l6rdO4w,4006451
P-211,NW3QJ8nbVlGgBwg,4006452
P-211,NVRW8ASlcW9A9Fc,4006450
P-211,cMUvXRn8IoYXrwh,4006451
P-214,G4XYNyIuOloVNU8,AB00540
P-215,houJ7wk4MNmKnqh,4006916
P-215,og0aezzyP35AFt0,4006923
P-215,njwy8AoxI7xf1NM,4006931
P-215,SsoOZjOX4r5Qjvv,4006937
P-216,SE6cF3aNnlEZOnB,RTM
P-217,keWKslNCWrMIOGx,4009326
P-217,hCfvi8SE8imzwSy,4009327
P-218,u6BTySTdvstj1tL,4009326
P-219,6RgcdiFJOLC4I8V,RTM
P-221,UeHLldZoWAnNopd,MTO
P-221,7u12VqkhOPTkSQG,RTM
P-223,oIymPravIrWFVfA,4009330
P-224,LXy5ONvvjpV2gAO,RTM
P-224,y94UvTH4loZGr5g,RTM
P-224,Dpf8xKKDsRK6dSD,4005739
P-225,Zn10hiemAaqj7q7,4007014
P-225,KhMS0PBR3yPHg99,4005909
P-225,7VMdEHSmorInTHx,4006795
P-225,pAXp0T1cRoxwIh2,4007698
P-225,yDDPTzqEXs2XiiC,4007585
P-225,ZlAbgEUKoZDBrGv,4007664
P-226,BRloi25gR5hnOLL,4007698
P-226,XrusrqaSfrjFTnU,4007585
P-226,C7dOUoh2UdNkeUY,4005909
P-226,x4CjI2Dm4zaRWhU,4007664
P-226,SiWPZUJfK3XFVzc,4006795
P-228,XbWKGAjcaH33HCN,4007463
P-229,wPi8edi60O75dVu,4007236
P-229,ct0R0Q0pRGzJ48M,4007238
P-229,Bsr6J2EyLJIAKWq,4007291
P-229,07L4h1tGcAZk51I,4007278
P-229,2XiCyNieUDIVOlg,4007275
P-229,WbSyD7hGCplFyTd,4007299
P-229,RnC62bOs20u8ejF,4007286
P-230,8jrlgMMDIEkQ0x2,H0100028
P-231,p2CiOLKzocLrlTg,4007251
P-231,zUpmjod08vrLrQq,4007291
P-231,w24bxgy4xRMYpJw,4007278
P-231,YQ5CMdrTFcNbtMT,4007288
P-232,gQteDNNcB9vwwcy,4007251
P-232,SEjRfvxvzxJ4Wez,4007291
P-232,gMO8SGNNNBAMDKI,4007278
P-232,yNrL9FuNjBwgOZv,4007288
P-233,bMUfYgto6Jmf6CT,H0100450
P-234,CpoKyFNRYQ0dc1E,H0100446
P-234,KcFtWeRvJ6GJluN,H0100450
P-234,PnGGIUbnd8iW2jx,H0100008
P-234,erui7vuvWTHZiTK,4007231
P-234,9eIlKsbcLQzD4yO,4007232
P-234,5LLel0gzTUwDdIp,H0100446
P-234,sJy02bO7pcWQmmJ,RTM
P-236,ximS8MsdPOKpHVO,4007246
P-236,jNb29QuqodFGYEA,4007296
P-236,ihKTNAvo9qGEEUS,4006452
P-237,WDmhDzO3ePdFTTD,4006454
P-238,XUTccumlBlk0A67,4007246
P-240,sz7NX8jNei9LHp3,H2502025
P-240,nilpzjBCtcGZhi0,4005496
P-240,ckBphas2ubnIX55,4005497
P-241,Q0KvuWOPQMGjgNc,H0100027
P-241,ozTzptjaqh72I0c,4007235
P-241,1Wajx6QS8Aa0wjS,4007236
P-243,9msxzgqcSiCYZLb,4007236
P-245,FF8vSSI6q1q2Npw,4007234
P-245,TrOhU9u09yWo1E2,4007236
P-246,n38oq5Btfpbzr8h,4007237
P-246,yTS6Ibt1AlVrCbC,4007241
P-247,mqE7GCPjbT5nMuc,H0100027
P-247,PKyFLCsWsxHKDkc,4007235
P-247,98pH5tTb6cKRJYk,4007244
P-247,VBRY3URvYsZha4q,4007245
P-248,D5tyUtgF4fnHXWW,RTM
P-214,G4XYNyIuOloVNU8,AB00540
P-248,D5tyUtgF4fnHXWW,RTM
P-248,D5tyUtgF4fnHXWW,RTM
P-252,bhUuTzksgr9qjfT,4007251
P-236,ximS8MsdPOKpHVO,4007246
P-236,jNb29QuqodFGYEA,4007296
P-236,ihKTNAvo9qGEEUS,4006452
P-259,kqzElzIMxsCzn26,H2601040
P-260,c4E0L82Vd9h5oPY,4007248
P-260,s6Ga7aH5Lg9ojQZ,4009336
P-204,dPSpL47r6QvWwxF,4006452
P-204,f0jbUQKBhn6GEzQ,4006450
P-204,jolH2xabEUkTYSQ,4006451
P-262,kkrkawHk3xxyq2u,H0100027
P-262,8KLLiYhsuRLWx6D,4007235
P-262,CZFeZPDIlmSem81,4007244
P-262,ZU9wyO0qp0pzT3m,4007245
P-263,iaW9SuHLSWLL1AB,4007291
P-263,tSOP9mdJyQN2oX9,4007278
P-264,RP2n9goHUohY6OF,RTM
P-264,RP2n9goHUohY6OF,RTM
P-267,BbNSLv29GWbvfHh,H2601040
P-268,knZFoa5opeR8mOu,4007248
P-268,yh8pw0SKRJBkC7c,4009336
P-269,JegrSIG254PORRn,4007234
P-270,RnMP1LxzY9pjttB,4007336
P-270,aokKEmzFDP1A8WW,4007338
P-271,2ocApWtkHTrvXiE,H0100028
P-271,zC9MHqHNSwbo6il,4007236
P-272,xaZq2qO0jYhUgdE,RTM
P-271,2ocApWtkHTrvXiE,H0100028
P-271,zC9MHqHNSwbo6il,4007236
P-272,xaZq2qO0jYhUgdE,RTM
P-275,jP5CAuXKrPmOm0P,H0100028
P-275,dhIKx9cCeI8pRet,4007236
P-276,0L4eQJk6kcEs9C6,4007737
P-276,hPW4xtcrUImD4pK,4007764
P-276,ANc1o0TxBPVfMrn,4006452
P-276,GxbrRkagVwHDR0q,4006450
P-276,kX5Wfbq7bGuanJc,4006451
P-276,FltGO1UE8Jl3Kmf,H2600674
P-276,wxnWehPQdMcwGCm,H2600678
P-276,zaSOQ3FumuLSIf9,4005617
P-276,5T764p87uvGYuVG,4005619
P-276,xZlQL1ZQTLxxERi,4005618
P-276,43oib8S6io1K3U1,4005464
P-276,kOoU20FA8kBb9pe,4006280
P-276,Seqaz9LqvUEjx5u,4006285
P-276,VpI9hZZ99ZJWVc8,4005622
P-276,5pAW5LYOdDVtfIx,4005621
P-277,XDPnvabYPMm4gdF,4007492
P-278,Osr6j9yvlLmo2Da,4007232
P-279,aZe2R5aLsko2Ajb,H0100047
P-281,KeoQKOcdSCu5i5H,4007232
P-282,ndApha9u1DDSNZG,4007232
P-283,qdG5Od4whcq9FIq,4007234
P-284,69m3OX2RW6UkPgY,4007232
P-285,feSsQpTOOFnNyug,RTM
P-286,qCiKFy92k8ZKJDD,4007234
P-286,qCiKFy92k8ZKJDD,4007234
P-289,DDuG589DjCZweom,H0100325
P-289,YAOmGWjXqeUyFnL,H0100227
P-289,DDuG589DjCZweom,H0100325
P-289,YAOmGWjXqeUyFnL,H0100227
P-293,orwclVxy9dyzTlv,H0100049
P-294,UXs6jtKbIgiQ6w1,4009440
P-295,MY36i72aVI3umtJ,4007234
P-296,LK0iTN7NckiFBhM,H0100020
P-296,K9ldqbcpZbMvgbw,H0100315
P-297,zeIOILy1rlqK4nA,4007336
P-297,R5qJDaEZS4qctIv,4007338
P-298,NS2amzuYQIWjinh,4007725
P-298,YSDVqPwXbMRxxLD,4007728
P-298,PHgcRw4DH9xLNIn,4007743
P-298,8cRfqc2sMxSdPm9,4007746
P-299,qgP2Gs1DzojIc0p,RTM
P-300,KHuvmVnaYar6JnT,RTM
P-300,KHuvmVnaYar6JnT,RTM
P-302,G51MIoXlKFA8Oqx,4007234
P-296,LK0iTN7NckiFBhM,H0100020
P-296,K9ldqbcpZbMvgbw,H0100315
P-305,oU6fHDpdFS3UWZC,4009440
P-306,0L5BOEa21ChvAk2,4009440
P-307,uDPj5WfmpeFOZiB,4009440
P-308,Tnj4vI6YHHFrWWU,4009440
P-309,To7I2Utj1miPNup,H0100020
P-309,To7I2Utj1miPNup,H0100020
P-311,MussWOjJ6QQWcN8,DZ000930
P-315,YQJSvwCclyPZ9pP,4005622
P-317,tEJEDkGx9VoDIXV,4007277
P-317,T1h4oYbwCV36mhm,4007275
P-320,MF8SZeYk9Y9obCX,H0503045
P-320,GB7nk2SPy0SOqup,RTM
P-321,83fR2kujQeNSRYO,H0100400
P-321,83fR2kujQeNSRYO,H0100400
P-321,83fR2kujQeNSRYO,H0100400
P-325,TpEAaS34xL2mwS5,4007318
P-326,aUyJq2ElObqs5vQ,H0500042
P-326,NszTagpErliG1UG,H0503040
P-326,aUyJq2ElObqs5vQ,H0500042
P-326,NszTagpErliG1UG,H0503040
P-320,MF8SZeYk9Y9obCX,H0503045
P-320,GB7nk2SPy0SOqup,RTM
P-320,MF8SZeYk9Y9obCX,H0503045
P-320,GB7nk2SPy0SOqup,RTM
P-331,StjlJWN35PPi5F9,RTM
P-334,3k4UNveMb2MEswR,RTM
P-335,Kjcb5Ro0ejYTcDd,4007232
P-336,RNabiSL4GX1rlmY,4007239
P-338,Xw2zjijei9wT10Q,H0100446
P-339,Fb37VjoEUEZA5M8,H0100446
P-339,jzi5WPzaadzMUBs,4007234
P-340,Zjefh9pj8zp8YpE,RTM
P-341,e3OpblY6ZfK1cQ8,4007232
P-342,E5ydJjXOR6Bajfu,H0100446
P-343,EY3ie4fcNauluYN,H0100446
P-343,LEYecRSfUM3gbgL,H0100450
P-344,XDdAUs2asCG9op6,4007232
P-344,xHW2aoK4Qldz7x2,4007234
P-344,EFhUEjatuSgtaJ6,4009080
P-345,IkT8tY67XTetRUI,4007232
P-345,mSw7bt0Q0cR2Jpe,4007235
P-345,68OkvrIOqDViFYA,H0100034
P-346,fcHthr2kqT0yGBz,H0100446
P-346,WmfsbaTOiP8vS8d,H0100027
P-346,gYhK4ULA732ptLh,4007233
P-347,9aQvX6NGRsXnAuf,4007234
P-347,x5bSEiS8Y0xfklz,B0803225
P-348,Xr31l7EMcBB2e3t,H0100446
P-348,vTGdlc4hFqAOuOg,RTM
P-349,gzm0ZmUu4MIjNee,4007232
P-349,d9eQhlpYcsbRr4S,H0100021
P-349,uQyoXVZGvv39nTy,4007234
P-349,fDDxVCOXrSyWSSS,H0100028
P-350,pG66xyJ7tgiz6P4,RTM
P-351,XcvianNnfWvUnei,4007232
P-351,qBjCmC633G6Z2tM,4007236
P-354,HyQ4u2DTbKHydKN,RTM
P-355,SW35fpfaR99mdf2,RTM
P-356,akhkiCeRDEcqIHY,RTM
P-357,UxTAN5ifus8cjvE,RTM
P-358,pGqbIVEifnKm18z,4009080
P-358,I2jT1ocdxr22Bhy,RTM
P-359,7jGv2HujoQ1xDvG,RTM
P-361,E8zC36wciIsGlok,H0100021
P-362,6Wt5dBo2ljt8EMb,4007336
P-362,4tCgsKDPASaqXXR,4007338
P-363,zWAM9LgpM8V3tXR,4007336
P-363,Nc2G8nIF1SKUJq2,4007338
P-365,SvUgVccu9pmgmVP,H2601040
P-366,rYuyRg4L06YGtw6,4007234
P-367,O17dHucBZyqcQch,4007234
P-368,GS5A4lZ74n8QhCT,RTM
P-368,ryyPDlnMo9aqKSp,DZ000930
P-368,CoZj2OtoMiNStzd,4009080
P-368,Rg6lhp3blO0B2kI,4006860
P-246,n38oq5Btfpbzr8h,4007237
P-246,yTS6Ibt1AlVrCbC,4007241
P-246,n38oq5Btfpbzr8h,4007237
P-246,yTS6Ibt1AlVrCbC,4007241
P-403,RJ9OGjddEHVIy3k,4007234
P-404,7QUMYtEdjdQsHYn,4007234
P-408,bK1wfPR5Jvp7fY4,
P-408,xx8cyRq4dmtEDpF,H0100008
P-408,hNybg47ORc7J6iA,
P-408,KZXJJ4ZhhED9dW9,H0100446
P-408,ScdiJQLUhU4xvun,H0100021
P-408,uH0sayYqSPqXLyO,4007233
P-410,ZAFh5v47AIu4v6e,H0100446
P-431,VbTXTLcdHhOSlAr,4007237
P-431,G8rjX0Lo2WCCtzZ,4007232
P-431,y6pqSRDzRWJ8Kyd,RTM
P-432,37vx2uBD90ndpVS,4007237
P-432,jHLIjwXYXSv1sTJ,4007232
P-432,b71x3b5FN9Apwus,RTM
P-433,BTLh9lHbgPmflFI,4007232
P-433,eO9NU952J3PdrIb,RTM
P-433,DSqvOTamosi6fy0,4007238
P-440,YAxfwvb5iFNqtxm,4007246
P-440,kcJxga1xMSbvRN5,4007296
P-440,Jtcr5sa0ECCvKuO,4006452
P-441,i7OlXJiR5MIDMtE,4005619
P-441,uKUHB0d41364QeJ,4006280
P-441,3veZuxN9i6BUJfD,4006043
P-442,TWZ7oQGHh0flrlA,4007558
P-442,uVEG1l4GzsWNMBj,4007545
P-443,8zNUoou5PAnenun,RTM
P-450,6FaHvrzHvNRIsoP,G2700015
P-450,2hgcamUrM0EbClU,G2700060
P-450,URueTm3Y7PnwMxQ,G2700065
P-450,WI8GLhLM5uSrR8e,H3500375
P-450,6FaHvrzHvNRIsoP,G2700015
P-450,2hgcamUrM0EbClU,G2700060
P-450,URueTm3Y7PnwMxQ,G2700065
P-450,WI8GLhLM5uSrR8e,H3500375
P-450,6FaHvrzHvNRIsoP,G2700015
P-450,2hgcamUrM0EbClU,G2700060
P-450,URueTm3Y7PnwMxQ,G2700065
P-450,WI8GLhLM5uSrR8e,H3500375
P-456,gdDVbnkiba1Xjqi,4007545
P-456,HeKM6cVyq01bZGy,4007553
P-456,E5uPoAxsiF4eXqp,4007558
P-456,ge84yJtsbGZidi3,4005983
P-459,FfgWhz35lJYHnYZ,RTM
P-460,NIttGGw1DVyWmZ2,4007545
P-460,DHTTRsWXoCVL8wK,4007553
P-460,UXEOh03Y4Y2HRbP,4007558
P-460,a3OitbzfK5vTFno,4005983
P-481,A5J9cw2rG2G717M,4007232
P-481,qxKqN4T7ZQrnFgi,H0100034
P-482,z26KtrE60RR2JOm,RTM
P-482,JpAhMxO9W5pOFj8,RTM
P-482,jbRZPrlCNlJr5eV,4007234
P-483,G0vGinSoVJvTHgU,4007559
P-483,h7lqyVm8RCZI2HF,4007560
P-484,PN3wV9ja9oHnS9Z,RTM
P-484,KGKBNJiSdq4dvua,4007270
P-484,dE7vpWw297JSoQY,4007288
P-484,ZF2oy7TYfkPyKFL,4007307
P-484,QgPXUIq7xZsMgzW,4007321
P-484,1kS3yuZuW5T62fC,4007312
P-485,dhU9Go8H6PJ9gqp,RTM
P-485,Gfvv68WvKslquja,4007270
P-485,wwQiQKcE5fMgAet,4007288
P-485,d3cXUHtWLQAHmcs,4007307
P-485,J4bSbJA7VhGeUsC,4007321
P-485,XYfd5EpLC86urb2,4007312
P-486,xRR8Ge52SPdraol,RTM
P-486,O89b113y6yGGpJz,4007270
P-486,dzJZJM5d6gjzMoy,4007288
P-486,KZ5VSp5olQAShvy,4007307
P-486,sgEHt61lCymGOle,4007321
P-486,GRCN39mX9coBMNF,4007312
P-489,D1n5EyKEOx26b6w,4009064
P-489,23HmPpFPe9SJHGt,DZ000930
P-489,Zp3PyibOpZdRsbA,H0100049
P-489,1FzMXeq3dDuQG5d,RTM
P-490,fnOElenYLkVJLFt,H0100446
P-490,qI1B1nGVG32cIrK,H0100450
P-498,fYbiMaBD2CpisYv,4009064
P-498,582uNvqpI3AnCwV,DZ000930
P-498,BumdEQVsanKyJon,H0100049
P-498,jh7rF7pXHXsKAgh,RTM
P-499,JuakA9e8Wc6QWYt,4009064
P-499,HII4E8KmBtei4Yt,DZ000930
P-499,lI8XVleAreD02Zf,H0100049
P-499,4lXiJa22ulvFfnI,RTM
P-500,CqViWbR9sETLiVl,4009064
P-500,2GNuRTlsB5GYV8g,DZ000930
P-500,V8LTCpg7T0806st,H0100049
P-500,0iuNtjVqwf4OwC5,RTM
P-502,VKJoeyK1QlSHQaf,4009064
P-502,9oYMr738zThVyI6,DZ000930
P-502,9PsghUEMpBjap4t,H0100049
P-502,CYgZu1Y1AOqUOH4,RTM
P-503,9zHLtdswjInOYO8,4009064
P-503,53b5CAsS8i0fjTf,DZ000930
P-503,L9oSKfQ2HaKV5Tt,H0100049
P-503,HSbR5vDYGYjg4ZG,RTM
P-504,mbDKF3zSgKWLjQC,H0100446
P-504,O6hSTTKvtNX1k14,H0100450
P-504,NjLIapK3Ea2Jvpo,4008730
P-504,bjxR5EuSu9CigG7,RTM
P-504,RJpwVju14QyNc3L,RTM
P-484,PN3wV9ja9oHnS9Z,RTM
P-484,KGKBNJiSdq4dvua,4007270
P-484,dE7vpWw297JSoQY,4007288
P-484,ZF2oy7TYfkPyKFL,4007307
P-484,QgPXUIq7xZsMgzW,4007321
P-484,1kS3yuZuW5T62fC,4007312
P-507,0LZ4xTrKaPQO3Tu,RTM
P-507,qtVNbdaKK5QCKhg,RTM
P-508,uAFlvmr1qDG7YIJ,RTM
P-508,Wmz7bAuUtJQHvFz,4007270
P-508,yC7q8VYqb02t3Z5,4007288
P-508,HZftK8VpMIB2BEZ,4007307
P-508,z8g4HrDkmbAvelk,4007321
P-508,f2URo0o4VFB0jau,4007312
P-510,VjirKX7GxTmmoHf,
P-510,OydpQkEWD4SgAsH,H0100028
P-510,8lhyiK5foibFt6i,
P-510,fxmv8jhHC86Kff4,H0100446
P-519,JDmtU7z4HO2ok3x,4007558
P-519,AsfQ2oOA8l294ug,4007545
P-520,8rdK4pLc2DXw3Vy,4007288
P-520,9RzBlWA1Rqh9EPi,4007309
P-521,Ec2i26rS1OJcFxo,4007288
P-521,750DYd4PYQ5CbI7,4007307
P-522,WdmBg5Z9BGxkTuR,H0100446
P-522,tJhcCdpGbxYiCoB,4007234
P-522,r342Y0i7R9DvOoy,RTM
P-523,TS93VuoHdLLAbLr,4007234
P-523,Xx82z7BRY7pu4UY,RTM
P-524,GI0aHAaL2wiCTCK,4006452
P-524,0ZwDH1AmuyIdrkb,4006450
P-524,ZW4yPPrXkFibCwC,4006451
P-524,rZTKfELPGsVPY3F,4007275
P-524,S8hKclhHKQoJWee,4007299
P-526,seq5tzQfr4N9IJg,
P-526,OfdRLN7UngJC904,4007244
P-526,mwlDcLKERYvph2S,4007290
P-526,jxNnh1AnmPdsgdO,
P-526,B2NZR0KjJuwXhSw,H0100008
P-526,3RMFZKJNZtOu1A5,4007248
P-526,PHmvNFGfaLWt1e6,4007231
P-526,Rknj3CyIzYxU4W1,4007247
P-526,xymrBr8RscvX1RG,H0100021
P-526,P69qUzoM31ONopo,
P-526,9aK7FzZKEsxHXPs,4009332
P-526,NyiRPGSooxc4V4l,4009356
P-526,iU7dfqnOrvEbWs4,4007447
P-526,9u0EVDUBDVFMnRm,4007674
P-527,RtrrmKapxzR3k5f,4007553
P-528,qn4bLMyXDaPa8h6,4007232
P-528,6aC6p4v0BKXI9Bf,4007238
P-528,ESOPKL3T2zXmGeO,RTM
P-528,WZpVGFXvx2QxYSs,RTM
P-530,T01lR5Nb78meLgr,4006860
P-530,o8VITMVesOMujGo,4009083
P-530,9ZUFSM9p7YBR7yy,
P-530,mM41CPo6y7wlsqq,H0100028
P-530,Cx86fCgWAiilxKD,
P-530,9OtmIMIe3bf3Za1,H0100021
P-530,pXeQ7GGcyk0xWWc,
P-530,sJd3eikygeHdfCl,4007232
P-530,1TftS4zdgrPDpco,
P-530,iG1RaRS2FaitzzM,RTM
P-531,735sfVUqnWxPbd3,H0100446
P-531,H5YQRU0JnQcJTcR,4007234
P-531,H9DHbtKQmHkLJlr,RTM
P-536,7yNom7tahAC5kyJ,4006452
P-536,yp9YdTnwDVrBiZn,4006451
P-536,fLfjULZLjTS30tC,4006450
P-536,iDPI641eV4FI8Kg,4007309
P-536,Rjw84SCxP6zVp1B,4007307
P-536,mPaZuQ7tbr4FHeo,4007286
P-536,fCzzGWsKkCbQVyR,4007299
P-536,i0jYzgKVWPNTV2Y,4007278
P-537,6xeL1lww7a4XsFY,4007288
P-537,4sAesrI1xGNTuud,4007309
P-538,3vST7cUgRoeliOc,RTM
P-538,U4HEUZc7bOZQ0jB,RTM
P-538,e2T7pKymR9DEs65,4007110
P-539,XmgaNA51LKbuj7o,4007278
P-539,fHKXb62CNM4JHxQ,4007282
P-539,T6YS3oDNEcn9XsE,RTM
P-540,u01IV20HvygoyPw,4009334
P-540,VrsbgHifGAkX93O,4009326
P-541,tkbYK27c2PZihgA,H0100446
P-541,1tx8xbyWCmLGz6Z,4007234
P-541,VbmOOVm47zMTiJ1,RTM
P-542,lpkW9GUndBDAlgi,4006452
P-542,lMqJkIhVURw6nNI,4006450
P-542,CudyPa34mlRCk6e,4006451
P-542,soZSvI8X7vXV3VF,4007275
P-542,VEgc6GtvxOHAmV6,4007299
P-543,QU4MNCIbiAJ1Q13,4006452
P-543,gbMjQPS4ppVxd6r,4007553
P-543,kMiIgGdhr33pyQE,4007558
P-543,rH93FueEwPfNj0d,4007545
P-543,uUvIwmCALZyYyFI,4007278
P-544,VuwPr7hwiIQ6o6H,4007278
P-544,FJIaf0pfngPVp7l,H0100601
P-544,SbM0NCDPIdJ2yI7,4006452
P-544,vPojA0y07b0d60w,4006451
P-544,6OCX6pBHcpvkc31,4007864
P-545,Iy4PgMZvA9IV8XF,
P-545,6a6HEV8sW2LE10J,4007864
P-545,ShQUD5gBF21iHZT,4007869
P-545,r0O7bf4rRQgf5RY,
P-545,XtFYwgGWDHiSL0J,4007288
P-545,G56T3rtymlCkaDW,4007309
P-545,byPff6RJfA9wutj,4007321
P-545,7a6FOiJlcKoPgwa,4007864
P-546,6tD1Aotm4bwTehy,H0100446
P-549,hbMHF7WsVbDLKks,H0100450
P-552,YbP2RGmC4eXBJDG,RTM
P-552,t4Zu3Wu7v9WedAz,RTM
P-552,JMeZ57fcWBGpCnk,4007110
P-554,veaXpPzJlK863WE,4006452
P-554,U5ahXn2oKUBQ77Q,4006450
P-554,qpn9JPiD9FhZeBC,4006451
P-554,wlPMRy37Fa1NOCw,4007278
P-554,wOtWGOyhCWGaCLG,4007299
P-554,2ChiMxYZVkf8bPc,4007286
P-554,PTHkOUuek2v7564,4007309
P-554,NFc2aNFcey0UEzp,4007307
P-555,t4IPvBCaHuOFvG5,4006452
P-555,fQP184a8qUKAptX,4006451
P-555,1P14zNoupBHdjIy,4006450
P-555,ndygPabo8mberEm,4007309
P-555,mmNXEDU5WCmvkM7,4007307
P-555,tNNtXSdVqkWqrSJ,4007286
P-555,B57m0SeqD0QhlCq,4007299
P-555,Ein7RO3SzJKI2gc,4007278
P-556,1puIVrkbdhJtL1R,
P-556,JS2s0sdknxHxa00,4007864
P-556,iHBH3Q9aDXF8xF0,4007869
P-556,nH0X0KsNMpndlor,
P-556,mGAzPqxCyWaz0II,4007288
P-556,oiWmmfYNh2VT6Rv,4007309
P-556,uNNfC7Omvhxni7m,4007321
P-556,Tk8IGIDLvKM1ES5,4007864
P-556,dydNXF2XGXSFvol,E0800483
P-556,q6YE3kSnQI41lyJ,4007482
P-557,eRUP9tEUgttJiy6,4007278
P-557,0r40pRPsnLCS0Dp,4007299
P-557,89hJBvyf9GKwtTv,4006481
P-557,nr1DDslEjwQRgHT,4006434
P-557,pIlYBuI7cH1lxPx,4007451
P-557,MYGR33SeNNjOl3Z,4007455
P-557,0qHm7dsFCmT76Fq,4007280
P-557,m3iDFsAzjc5V3L3,4007325
P-558,K6BvgrToTlcNTh2,4007291
P-558,sWBsR6w2y96hClD,4007278
P-558,sEZNlJVRFfBOEy0,4007275
P-558,4VJTfSgvSSV0XzM,4007299
P-558,hLbaic9hKLiHpJF,4007286
P-558,R9gBHtny4poa2Aw,4007282
P-559,pHg8cnDr0xhOsUE,RTM
P-559,f8kFTgwRUMbdr47,4007291
P-559,RYCcFuHNikWGBF9,4007278
P-559,AWa2VvAHRXq9s1r,4007299
P-559,4mZWp9ONHNBM7ud,4007286
P-559,atEg6Oqrpaab08z,4007288
P-559,Yes63WrqoJopQKA,4007307
P-559,ZlB7rxxu9xfaowS,4007321
P-559,jZrhaVykwOWHZYj,RTM
P-560,RYVqd15Ekbbybnf,4007291
P-560,SD6FHXxVd7FgKIc,4007278
P-560,0YqQeBcL5cuV7X2,4007275
P-560,RDCTt8aBY0Duvxx,4007299
P-560,PgIrGzYKy08Y5Vg,4006452
P-568,bgILNIg3OydIc9o,4007291
P-568,lbKtgSF5xDmWVDZ,4007278
P-568,eEhaSIog0ypuQlH,4007275
P-568,HcoU93jb2K8AqaC,4007299
P-568,sNYcnfTmSDiEL39,4006452
P-570,mqJGqQNvKcuMJn4,4007291
P-570,XTo3P4ic2RFyX9X,4007278
P-570,U7l1jyK8DddINjR,4007275
P-570,BEnRGqTMdxyzs9D,4007299
P-570,8r5MIwQwEKteljN,4006452
P-571,BZAXHih88ZwOZZ0,4006452
P-571,3BdUcquWS6IXhig,4007553
P-571,VmHMiIUNi1DFLSO,4007558
P-571,pifZfBmadcbcodM,4007545
P-571,VlgA8bRvEnXXIZA,4007278
P-572,8h4w1fOvcIhoGwg,4007278
P-572,8x0f6WzJnPrhuAr,4007299
P-573,goReg4KBKs2lLHa,4007301
P-573,IOG5se8PM7z4aWG,4007280
P-573,sQ1BEym9ZwKBAGr,4007278
P-573,6rnkbbvovisiF0l,4007275
P-573,Jt4Wl61yCiL4iTb,4007299
P-573,6RJggluHWkY32Wk,4007286
P-576,wPH7jmwC7zcWboO,4007301
P-577,hpXc63O7JRhXfq0,4007275
P-577,qmDTYveeSiTz92f,4007299
P-577,QYhblrwj4yYzR45,
P-577,maSTUPyQsjAtzJB,4007291
P-577,NmUuabYprcFokqi,4007278
P-582,0CyhRGuI1AdmPp6,4007291
P-582,mMGNdTizv2dmdnM,4007278
P-582,fuJwpUMlXHnMbcu,4007275
P-582,uXqtdYcpSOfRqNd,4007299
P-582,1vNUBwOJRL6tFQC,4007286
P-583,fhYIqoCXElQ15ml,4007291
P-583,xxg6ioH1qeJVZwZ,4007278
P-583,q2elGxJbOsWQcaA,4007275
P-583,ovFaK8FTToYdvAl,4007299
P-583,8u33W9q87bguCTr,4006452
P-584,doZIGHg8JOYRmeU,4007278
P-584,J6p0szrE6uv1PEh,4007275
P-584,knKou0ABcOymggL,4007299
P-584,DayeGzHScSRVrHT,4007286
P-584,GGzwwUtEGS5WbrD,4007316
P-585,WBTYmuZUcZnl7TC,4007291
P-585,QQa6TbEevZyem8w,4007278
P-585,Jyy7GPL7TO1K9ga,4007275
P-585,SsToXMtRhNplL68,4007299
P-585,xtT6KAFoTxnOZnp,4006452
P-586,QJBBzLtbvsx7spn,4007291
P-586,C61YdxYqO9EMfYb,4006452
P-586,VqBecu4SpfGuyNT,4007278
P-586,JcLopQkcOvGoCrD,4007275
P-586,WfeTGL1trBCd7nH,4007299
P-587,w64tHXIIAfpRjQs,4007291
P-587,IYugbIaVpg7LLJq,4007278
P-587,rzqFjquISn0fuad,4007275
P-587,na4nAdRe0KQHuAn,4007299
P-587,JkxllqPHWUHepMR,4006452
P-598,CviSwqdnD5d07XR,4007231
P-599,FZXjPAoQ7SzkbFU,4007291
P-599,Pae2iADy77IfmD2,4007278
P-599,Ud2qV8kFbWFgZnM,4007275
P-599,9a5MAfGDzh0zzUK,4007299
P-599,gnLAXBrXPMwvcqr,4006452
P-600,6bKwxpvL3BbjANr,4005892
P-601,Tj7NVhwOu4xqKKJ,H0100450
P-601,0M5yBBYG1wk9WI7,4007232
P-601,Rdp9h8JHA4UCNmE,4007234
P-606,fXC2kiALgwDyV7k,H0100450
P-607,wVk3jxEC0nAHFEU,4007235
P-611,rK9ONjhFlAblvSL,4007291
P-611,lxKrNAdHOzpLh5b,4007278
P-611,Pxj0dsMZxuryjFV,4007275
P-611,0cAG6ki90BdDTg2,4007299
P-611,tqdh2MrL3Tv3kYD,4006452
P-613,jBGFdfzUnjug2JN,H0100008
P-615,SA8fqbUc2MchA8m,H0100446
P-616,hjnOIttO7iYrqts,4007234
P-617,epxJh2aDX874n2t,4007234
P-618,0S2J1DD340HRPRL,4007232
P-622,nieQjUpigK8qfl5,H0100049
P-622,B8TOObVn7aIpLro,4007234
P-622,LkVdCLX13btospr,4005843
P-626,lFzii1p4x2Niwak,H0100049
P-626,faIsv1ya9JywFj2,4007234
P-626,8ebOhriB4P9gF6s,4005843
P-636,56LuhXCntuxIrBH,4006273
P-636,JDBJe5SLdkoS49I,4006124
P-636,W10Yz3ZXL4K1tt6,4007278
P-636,rc10KDJVNeBtILX,4007275
P-636,qLqWEzdkPIRJH1X,4007286
P-652,uTIAJ3WwUAKzBNx,H0100049
P-652,O0Szw0FXwtdcJgg,4007234
P-652,ffN63rB4whMycju,4005843
P-653,MmsiBM2oUo8XUiy,H0100450
P-654,AY8urkkEMz74FhP,4007232
P-655,swFiLY0vvqrCmim,H0100008
P-656,cnWVSC9SXbKQhGT,H0100446
P-657,aiEHHgn9HYfSf54,4007232
P-659,plu3Lbcq48aVM9L,4007231
P-661,Mal92kZhjU9aMnb,4007236
P-666,KkD2GGtboYtXxJl,H0100027
P-670,P4E929LE6swFiXr,4007231
P-671,Ir2oRhi9QMFFzFV,H0100446
P-672,BeTcpWhbedNhY9U,4007291
P-672,hVNkJPPFZ6YMPTn,4007278
P-672,Kjjs6h80igfw41B,4007275
P-672,moO8zPRtO9vFEWf,4007299
P-672,AwL6RMzZlbrkFqE,4006452
P-679,vTDwwbNPQUJNbkO,4007236
P-680,vndjv2AP7f2CaCF,4007291
P-680,ljoarvIQ4vp3N0A,4006452
P-680,QKkXyF9NcZOhXSK,4007278
P-680,wpIVXd0tCs4Jfi6,4007275
P-680,waUANJXtlC72b4V,4007299
P-692,v5GY0kI8eNqFkW2,H0100027
P-731,gLUfuHT38BefTIB,4007232
P-731,Ig4B4EBFtK3zFc9,4007236
P-731,LgmTjGSCs5Q45By,4007238
P-732,b5pgtv7ZZ65vO6P,4007234
P-732,uBObR1VE4srgdb4,4007235
P-732,fRBMxNA0wbeXeWO,4007238
P-732,cGU148Eq32ASrcM,
P-736,lyxVtRVWAMENdA9,4007232
P-736,bqI3JILqwREoCg2,4007236
P-736,iDMaPKasysMV5wl,4007238
P-740,2o6URPz1ZaVz96S,4005955
P-740,hy6BBwfeGEYJU79,4007275
P-740,oL0Iu58yEby8htI,4007299
P-743,OFTqXFH2hj3rRpC,4005955
P-743,uFGx2QpMxL53yF2,4007275
P-743,8iXpif1LxORaQla,4007299
P-744,WEQATz9FKkRL0EZ,4005955
P-744,mhuEwk0zCw2LDo3,4007275
P-744,E42THi2eAUpPoVr,4007299
P-745,P25kNNtDpjuWz78,4005955
P-745,ExM0WNneg2x1blH,4007275
P-745,o5mFtjo9eRsaLFO,4007299
P-746,b0kHkrcpD04wwyZ,4005955
P-746,PsVNwFpJgw3T3HQ,4007275
P-746,xo7aphp5xBfcB76,4007299
P-747,g1qMIb7JzUHzqIo,4006765
P-747,9pUzNQbTIIIReRG,4006778
P-747,2rTBQujGnmJIxoF,4006772
P-748,CUfw7QcUHe5isDb,RTM
P-748,UxmCBwDiq41kWDw,4007034
P-749,qxzJYzBKGOBPYGv,4005955
P-749,cLZiCKVbn3rOecS,4007275
P-749,nQxmHsbZOSdp6hA,4007299
P-750,9lwFCispIlcvkpp,4005955
P-750,8u3458cVeLxwtLQ,4007275
P-750,iK1jI7kGZXsRv8A,4007299
P-751,WDoskgale0LRYHj,4006766
P-751,dMDktgR6ZHn32YI,4006776
P-752,Rlwav4vpxBx2xzx,4006766
P-752,7NzDFJvPlj4mADR,4006776
P-754,FntxnuaH4DKMmlq,H0400017
P-756,Ns5xUy9L1dQ6pic,4008056
P-756,ZdaSdMKxlWI8BXS,RTM
P-756,4V0BmbHILcVVqrv,4007799
P-756,BPUeECuSpe0yWew,4007232
P-762,GmZhKeiRXQ9o5HF,RTM
P-764,y6ZcS1w4BabcxwQ,RTM
P-768,m2fpQFcwu7tCBSR,4006766
P-768,2OIRWZFfrmWHpb7,4006770
P-768,7oCMB1WBuXbkB2K,H0100021
P-768,BlmsogPgtJ1VTBJ,4008137
P-768,IiLoEIOS4E9kfMM,E0800027
P-769,Sb59il3zpdEnj4b,4006766
P-769,FpVXwguWgl27Npd,4006770
P-769,zIEgzi3XreV86X6,H0100021
P-769,QY84pkBbT3NAZfw,4008137
P-769,GzxkpFTmU45FdQE,E0800027
P-771,gGejCGOox2HYvm6,4007553
P-771,gdYIN8jIWzPs47r,4007232
P-772,Qqo1hiwTHjjcIo1,4006778
P-772,OwvSanjOENHLHdc,4006766
P-772,eSmMI7UyIR5UgA7,4006777
P-772,fE0m30oD0U4zi4e,4006765
P-772,n5ifHQ8012vhlj1,4006769
P-772,gRdiFX5wsZFBodL,H0400017
P-773,9qzW7TCvFbXsgB8,4006778
P-773,zv1q9WOqy5hCnz0,4006766
P-773,4JgmtbvYWpLVlcN,4006777
P-773,T2VpfMaUelciDVY,4006765
P-773,EAfiTWoR5TZIpv1,4006769
P-773,Ur3ERvSijFDYaws,H0400017
P-794,oBgs0jGq9e6LtWa,4006766
P-811,iOgSx9Tyk5w6K9V,H0400017
P-1025,oh5dDwrllulisWH,4006765
P-1317,9bQH5giN2dLMRqr,4006778
P-1317,Rx3UvgYEmK4vELC,4006766
P-1317,oAj0nGkbyJCkykO,4006777
P-1317,HrtLr77uT6Q38dv,4006765
P-1317,JEYKNFQna18wm8I,4006769
P-1317,1cwmByBql4FH7k5,H0400017
P-1318,9QqKuAQqxUQFMq2,4006766
